content,author_id,board_id
"근저당은 장래의 채권 최고액 한도 내에서 불특정 채권을 담보하기 위해 설정하는 저당권이며, 전월세 계약 시 보증금 회수 위험을 반드시 확인해야 합니다.",3,28
만 19세에서 34세 무주택 청년 중 소득 기준(청년독립가구 중위소득 60퍼센트 이하)을 충족하면 월 최대 20만원을 24개월간 지원받을 수 있습니다.,3,29
"주차 문제가 심각한 편이며, 저녁 9시 이후에는 이중 주차를 해야 하는 경우가 잦습니다.",4,30
건폐율은 땅을 덮은 비율(수평적 밀도)이고 용적률은 건물의 높이와 규모를 나타내는 전체 연면적 비율(수직적 밀도)입니다.,5,31
"이 상품은 상시 접수가 아니며, 정확한 다음 공고 일정은 취급 은행이나 국토교통부에 문의하여 확인해야 합니다.",6,32
"평균적으로 여름철에는 18만원 내외, 겨울철에는 28만원 내외가 발생하며, 이는 개별 사용량에 따라 변동될 수 있습니다.",4,33
가압류는 채권자가 채무자의 재산을 미리 처분하지 못하도록 법원에 신청하여 묶어두는 사전 법적 조치입니다.,5,34
"필수 서류는 사회보장급여 신청서, 소득 재산 신고서, 금융정보 동의서, 임대차 계약서 사본 등이며, 주민센터나 온라인 복지로에서 신청할 수 있습니다.",6,35
"보증금 42,800만원 기준으로 청년 버팀목 전세자금 대출을 통해 최대 1.5억원까지 대출받는 것이 가능합니다.",4,36
"쌍무계약에서 상대방이 채무를 이행할 때까지 자신의 채무 이행을 거절할 수 있는 권리로, 계약 이행의 공평성을 보장합니다.",3,37
"월 평균 관리비는 15만원에서 25만원 사이이며, 지역난방을 사용하여 겨울철 난방비 부담이 안정적인 편입니다.",7,38
"중개보수는 법적 용어로 중개수수료와 혼용되며, 거래 금액과 법정 요율 내에서 공인중개사와 협의하여 결정하는 금액입니다.",6,39
"국토교통부 실거래가 공개시스템에서 조회 가능하며, 증여 등 특수 거래는 시세 판단 시 제외해야 합니다.",8,40
2024년 3분기 기준으로 대부분의 체불 임금 문제가 해소되어 회사는 현재 정상화된 상태입니다.,5,41
"건축물대장은 건축물의 물리적 사실 정보를 담고, 등기부등본은 부동산의 소유권 등 권리 관계를 등록한 문서입니다.",4,42
"가경 아이파크 4차는 경덕중학교로 배정되며, 주변에 학원가가 잘 형성되어 있어 교육 환경 만족도가 높은 편입니다.",5,43
"취득세는 매입 시 납부하는 지방세이며, 양도세는 매각 시 소득에 대해 부과하는 국세입니다.",7,44
"월 평균 관리비는 22만원 수준으로 예상되며, 중앙난방 방식이라 난방 개별 조절에 제약이 있을 수 있습니다.",8,45
"만 19세에서 34세 이하 무주택 세대주가 대상이며, 소득 및 자산 기준을 충족하고 임대차 계약금 5퍼센트 이상을 지불해야 합니다.",9,46
"개별난방은 자유롭지만, 중앙난방은 편리하지만 제한적이며, 지역난방은 안전하고 효율적인 장단점이 있습니다.",7,47
"주택임대차보호법은 주거용 건물에 보증금액과 관계없이 적용되나, 상가임대차보호법은 환산보증금 상한액을 초과하면 일부 조항 적용이 제한됩니다.",8,48
"계약 전 선순위 채권과 시세를 확인하고, 계약 후에는 전입신고, 확정일자와 함께 전세보증금 반환보증 보험에 반드시 가입해야 합니다.",6,49
"계약금, 중도금, 잔금 순으로 납부하며, 정책 대출을 우선 고려하고 부족한 자금은 주택담보대출이나 가족 증여(증여세 신고 필수)로 마련해야 합니다.",6,50
"계약갱신청구권과 전월세 상한제, 전월세 신고제를 통해 임차인의 거주 안정성이 강화되었습니다.",6,1
"정부의 저금리 정책 상품인 디딤돌대출, 보금자리론, 신생아 특례 대출 등을 우선 고려하고, 이후 일반 은행 대출 이용 시 LTV, DSR 등의 규제를 확인해야 합니다.",8,2
"혼인 7년 이내 또는 6세 이하 자녀가 있는 무주택 신혼부부가 대상이며, 도시근로자 가구 소득 130퍼센트 이하 등의 기준을 충족해야 합니다.",9,3
해당 평형은 소형 평수 기준으로 월 12만원 정도의 관리비가 발생하여 평균적인 수준으로 관리됩니다.,6,4
"대지는 건축이 가능한 땅을 의미하며, 나대지는 대지 중에서도 건축물이나 정착물이 없는 토지를 구분하여 부르는 용어입니다.",7,5
"원칙적으로 중복 수혜는 불가하나, '청년월세 한시 특별지원' 등 일부 예외가 있었으므로 관할 지자체에 반드시 확인해야 합니다.",5,6
주택도시기금 대출 상품을 이용하면 해당 보증금의 80퍼센트까지 대출받을 수 있습니다.,6,7
"사업시행자가 조합 설립에 동의하지 않은 소유자에게 시세로 매도할 것을 강제 청구하는 권리로, 사업 지연을 방지하는 효과가 있습니다.",7,8
"중도금 대출은 신규 분양 시 계약금을 납부하기 위한 대출이고, 이주비 대출은 재개발 조합원이 이주 시 생활 자금으로 받는 대출입니다.",5,9
"공시지가는 국가가 세금 부과를 위해 산정한 기준 가격이며, 시세는 시장에서 실제 거래되는 가격으로 부동산 가치 판단의 기준이 됩니다.",2,10
"분양권 전매 제한은 주택의 소유권 이전 등기를 완료한 때에 해제되는 것이 일반적이며, 정확한 시점은 입주자 모집 공고문을 통해 확인해야 합니다.",2,11
"10년 단위로 재산을 분산 증여하여 공제 혜택을 극대화하거나, 향후 가치 상승이 예상되는 부동산은 가격이 낮을 때 미리 증여하는 것이 유리합니다.",3,12
"해당 단지는 개별난방을 사용하여 난방비 조절이 용이하며, 월 평균 20만원 정도의 관리비가 발생합니다.",6,13
"장점은 세제 혜택이지만, 단점은 임대 의무 기간 준수와 임대료 증액(연 5퍼센트 이내) 제한 의무가 따른다는 점입니다.",7,14
"DSR은 모든 대출의 원금과 이자 합계가 연 소득에서 차지하는 비율이며, 이 기준을 초과하면 추가 대출이 제한됩니다.",8,15
"기존 납입 기록이 모두 인정되며, 최대 4.5퍼센트 이자율과 이자 소득 비과세 혜택 등 청년 주택드림 청약통장의 혜택을 그대로 적용받습니다.",6,16
"월 평균 관리비는 18만원이며, 지역난방을 사용하여 난방 효율이 매우 좋습니다.",4,17
"중도금 납부 후에는 계약 해제가 불가하며, 잔금일은 소유권 이전과 재산세 납부 의무자 결정의 기준일이 되므로 일정 조율이 중요합니다.",5,18
"매매 목적물에 하자가 있을 경우 매도인이 법적 책임(하자 담보 책임)을 지며, 매수인은 계약 해제나 손해배상을 청구할 수 있습니다.",6,19
"소유권이 신탁회사에 있으므로, 임대차 계약 시 신탁회사로부터 반드시 동의서나 위임장을 받아야 보증금을 안전하게 지킬 수 있습니다.",2,20
"입주권은 주택 수에 포함되지만, 분양권은 원칙적으로 주택 수에 포함되지 않는 차이가 있습니다.",2,21
"신혼 신생아 매입임대주택은 최근 신축급 주택들로 공급되고 있어, 위치와 품질에 대한 만족도가 매우 높습니다.",2,22
"신영지웰시티 1차는 복대중학교로 배정되며, 주변에 명문 고등학교가 인접해 있어 학군 만족도가 높은 편입니다.",2,23
"리모델링은 건물의 기능 향상을 위해 대수선, 증축, 개축하는 행위이며, 대수선은 건축물의 주요 구조부를 변경하는 리모델링의 한 종류입니다.",2,24
"감보율은 토지 면적 감소 비율을 의미하지만, 개발 후 토지의 가치 상승으로 인해 반드시 불리한 것만은 아닙니다.",2,25
"두 상품의 동시 활용이 가능하며, 청약통장 당첨 시 연계된 디딤돌 대출을 통해 주택 가격의 최대 80퍼센트까지 저금리로 대출받을 수 있습니다.",2,26
"겨울철 난방비를 포함하여 월 25만원 정도의 관리비가 나오며, 이는 인근 단지의 평균적인 수준입니다.",2,27
